{
    "product_category":
        {
          "alias": "Gold Jewellery",
          "id": "d30e89ea-df42-46e2-bcb3-2113a7d2eb19",
          "name": "Gold Jewellery"
        },
    
    "product_type":
        {
          "alias": "Earrings",
          "id": "250051f4-2383-4be9-a030-c9c1e96bf28e",
          "name": "Earrings",
          "shortCode": "E"
        }
    ,
    "matrials":[
        {
          "alias": "Diamond",
          "id": "6201802a-9455-4ecd-904e-11e27008ca64",
          "name": "Diamond"
        },
        {
          "alias": "Gold",
          "id": "6ab9faac-f990-40bd-b7fe-f3b7de2629c3",
          "name": "Gold"
        },
        {
          "alias": "Gemstone",
          "id": "d98ec9ab-3c38-47bb-9540-eada7ef567ee",
          "name": "Gemstone"
        }
    ],
    "gender":[
         {
          "alias": "Female",
          "id": "14fae522-7f4e-44bc-b4f1-8fdfb3608ca5",
          "name": "Female"
        }
    ],
    "purity":[
        {
          "alias": "14K",
          "id": "f22d3f54-c142-4db3-bb70-4f4ebd777934",
          "name": "14K",
          "shortCode": 14
        },
       
        {
          "alias": "18K",
          "id": "77dc2ac3-df63-451c-a946-65813d106908",
          "name": "18K",
          "shortCode": 18
        }
    ],
    "metal_color":[
        {
          "shortCode": "1",
          "name": "Yellow",
          "id": "47daefd1-08dd-4853-b48e-95fdcf72005b",
          "alias": "Yellow"
        },
        {
          "shortCode": "2",
          "name": "White",
          "id": "6196d68e-5121-4f56-9679-f4bda1f1d958",
          "alias": "White"
        },
        {
          "shortCode": "3",
          "name": "Rose",
          "id": "56a0cd0e-dead-4efa-8130-f80a035cc5b0",
          "alias": "Rose"
        }
    ],
    "startcode": 3002,
    "diamond_sku_clarity":{
            "SI-GH":2,
            "SI-IJ":1,
            "VVS-EF":4,
            "VS-GH":3

    },
    "diamond_types":[
      {
        "type":"VSGH",
        "diamond_color":"GH",
        "diamond_clarity":"VS"
      },
      {
        "type":"SIIJ",
        "diamond_color":"IJ",
        "diamond_clarity":"SI"
      }
      
    ],
    "product_diamonds":[
      {
        "diamond_settings":"Pave",
        "diamond_shape": "Round",
        "stone_count":10,
        "stone_weight":0.2

      },
      {
        "diamond_settings":"Cushion",
        "diamond_shape": "Round",
        "stone_count":5,
        "stone_weight":0.1
      }
    ],
    "diamond":[
        {
            "clarity": {
                            "id": "af4b3856-d5a5-402f-97fe-5259bb66ae0c",
                            "alias": "VS",
                            "name": "VS"
                        },
             "colour": {
                        "shortCode": "GH",
                        "name": "GH",
                        "id": "b9dca2c2-e8dd-47d1-8ed4-be069f63bdd5",
                        "alias": "GH"
                        }           
        },
        {
            "clarity": {
                "alias": "SI",
                "id": "66b4b97d-dc62-4d99-bc20-bf266b77adb3",
                "name": "SI"
              },
             "colour": {
                "alias": "IJ",
                "id": "9bb9328c-2bbe-4872-8ec5-ab196a08bdb5",
                "name": "IJ",
                "shortCode": "IJ"
              }          
        }
    ],


    "size":[
        8,
        9,
        10,
        11,
        12,
        13,
        14,
        15,
        16,
        17,
        18,
        19,
        20,
        21,
        22,
        23
    ], 
    "gemstone":[
        {
        "type":{
                "alias": "Green Stone",
                "colorCode": 34,
                "id": "87db1710-2b6e-4845-bff1-5a7718addeb8",
                "name": "Green Stone",
                "shape":"Pear",
                "setting":"Prong",
                "size":10,
                "stone_count":10,
                "stone_weight":0.2,
                "shortCode": "10"
                }
          
        }
    ]
}